names,height,weight,hair color,city,hail color
William Sanford,169,97,Divorced,Wichita,brunette
Ethan Jensen,194,87,Common-Law,Camaragibe,brunette
Brenda Mendoza,153,62,Common-Law,Introd,black haired
Lani Dotson,171,80,Single,Hyderabad,blond
Hanna Lowe,204,90,Common-Law,Pointe-Claire,blond
Marvin Cantu,153,75,Single,Ham-sur-Sambre,blond
Chaim Osborne,197,95,Common-Law,Crystal Springs,black haired
Lucas Harrell,210,60,Single,Henis,blond
Sydnee Downs,164,100,Divorced,Siena,brunette
Summer Berger,162,95,Divorced,Waalwijk,brunette
Yvette Rodriguez,194,76,Common-Law,Hantes-Wihéries,brunette
Sawyer Beck,156,73,Common-Law,Orangeville,black haired
Karina Roberson,184,71,Divorced,Aalen,redhead
Reed Wilder,172,84,Common-Law,Hattiesburg,blond
Mark Cherry,164,63,Single,Wolfsburg,blond
Deacon Schmidt,160,90,Divorced,Knoxville,redhead
Lacey Oneil,162,91,Single,Ponti,black haired
Reese Dawson,202,75,Married,Leverkusen,redhead
Jescie Lane,151,79,Single,Vanderhoof,brunette
Rama Waller,187,71,Divorced,Grasse,blond
Vladimir Giles,197,90,Common-Law,Ligney,black haired
Nigel Stanley,207,84,Married,Bovigny,black haired
Ciara Santana,209,77,Common-Law,Bouwel,blond
Gareth Holder,194,99,Divorced,Kapelle-op-den-Bos,redhead
Giacomo Duran,155,64,Divorced,Schwalbach,redhead
Dorian Freeman,203,93,Single,Habay-la-Neuve,redhead
Jeremy Stone,200,68,Single,Villa Verde,redhead
Veda Heath,210,66,Married,Armidale,brunette
Jin Beasley,158,71,Common-Law,Regina,brunette
Stella Bailey,187,91,Married,Vitry-sur-Seine,brunette
Audra Slater,183,61,Married,Darbhanga,blond
Jakeem Huff,152,74,Single,Huntsville,black haired
Elizabeth Mcleod,163,83,Married,Dresden,black haired
Stewart Harding,197,62,Common-Law,Monguelfo-Tesido/Welsberg-Taisten,brunette
Brianna Hays,184,64,Divorced,Sachs Harbour,redhead
Ciaran Trujillo,200,90,Divorced,Sachs Harbour,redhead
Marvin Vasquez,150,71,Divorced,Lauco,blond
Shea Paul,166,67,Common-Law,Itzehoe,blond
Brynne Stone,188,97,Common-Law,San Gregorio nelle Alpi,black haired
Belle Franklin,174,100,Single,Newmarket,blond
Allen Rivas,175,86,Single,Whitburn,black haired
Derek Bruce,160,84,Common-Law,Gargazzone/Gargazon,black haired
Ruby Weaver,193,95,Married,Dannevirke,black haired
Lucy Cote,196,70,Divorced,Perpignan,brunette
Nevada Gilliam,199,87,Common-Law,Aklavik,brunette
Alfonso Simpson,203,91,Common-Law,Motueka,blond
Kirby Guzman,201,64,Divorced,Bloomington,brunette
Rosalyn Haney,199,66,Married,Alcobendas,redhead
Ima Vang,180,88,Single,Lavacherie,black haired
Denise Moran,180,71,Single,Norfolk,blond
Kyla Espinoza,164,100,Single,Varendonk,redhead
Jelani Blackburn,189,81,Common-Law,Drongen,blond
Roanna Romero,154,85,Single,Chiauci,blond
Adria Burton,181,72,Single,Notre-Dame-de-la-Salette,redhead
Naida Owens,158,81,Single,Athens,redhead
Jennifer Leon,155,76,Common-Law,Coleville Lake,redhead
Aristotle Hoffman,203,81,Single,Banff,redhead
Felicia Howe,187,74,Common-Law,Connah's Quay,brunette
Alika Chambers,200,70,Common-Law,Saint-Vincent,brunette
Kaitlin Ballard,161,82,Married,Tavier,redhead
Carl Weiss,187,95,Common-Law,Heerlen,redhead
Caryn Brewer,162,61,Single,Gondiya,blond
Ebony Massey,164,69,Married,Heerhugowaard,redhead
Nero Cabrera,151,62,Married,Dumbarton,blond
Aaron Bray,157,75,Married,Clare,redhead
Yen Ayers,209,100,Single,Tomaszów Mazowiecki,black haired
Jolie Holt,190,95,Common-Law,Offenbach am Main,black haired
Naomi Parsons,171,67,Divorced,Smetlede,brunette
Pearl Stevenson,175,64,Divorced,Avise,black haired
Jamalia Fuentes,169,81,Married,San José,brunette
Blossom Rowland,197,97,Married,Hugli-Chinsurah,brunette
Darrel White,171,66,Divorced,Luik,redhead
Maryam Lang,201,87,Divorced,Latour,redhead
Thomas Duffy,199,78,Common-Law,Camponogara,blond
Phillip Gill,196,74,Divorced,Vreren,black haired
Marny Maldonado,185,88,Single,Huesca,black haired
Noel Callahan,152,81,Married,Spermalie,blond
Alisa Wilkinson,161,89,Divorced,Osgoode,brunette
Stewart Holmes,178,88,Divorced,Cervinara,blond
Phyllis Rollins,198,77,Common-Law,Dunfermline,black haired
Cally Gallegos,163,82,Divorced,Ransart,blond
Vaughan Schneider,150,88,Married,Montreuil,black haired
Joshua Mendoza,154,84,Common-Law,Kuringen,brunette
Luke Gray,207,88,Married,Armungia,redhead
Jana Fletcher,190,84,Single,Rossignol,brunette
Amela Lang,156,64,Divorced,Mobile,black haired
Cathleen Warren,171,68,Divorced,Cranbrook,black haired
Thomas Banks,209,94,Common-Law,Warren,black haired
Harrison Hubbard,186,67,Married,Sellano,blond
Orli Bell,160,95,Married,Coldstream,brunette
Finn Bentley,179,66,Divorced,Arendonk,redhead
Haviva Nolan,185,100,Single,Hindeloopen,black haired
Quentin Haley,161,67,Divorced,Gagliato,black haired
Sylvia Yates,156,78,Single,Terlago,redhead
Bruno Parrish,191,96,Divorced,Teltow,brunette
Maggy Murphy,153,63,Single,Montague,blond
Olivia Brock,184,88,Married,Vaux-lez-Rosieres,black haired
Wylie Terrell,170,76,Common-Law,San Valentino in Abruzzo Citeriore,redhead
Vivian Valenzuela,182,84,Divorced,Hilo,brunette
Rae Mays,174,78,Common-Law,Canora,black haired
